{
	"format_version": "1.8.0",
	"animations": {
		"animation.jynx.ground_idle": {
			"loop": true,
			"bones": {
				"leftarm": {
					"rotation": [20.94102, 40.78947, 30.36119]
				},
				"leftforearm": {
					"rotation": [-34.253, 18.04519, -73.39556]
				},
				"lefthand": {
					"rotation": [-22.5, 0, -45]
				},
				"finger10": {
					"rotation": [47.72948, -13.37455, 53.48476]
				},
				"rightarm": {
					"rotation": [20.94102, -40.78947, -30.36119]
				},
				"rightforearm": {
					"rotation": [-34.253, -18.04519, 73.39556]
				},
				"righthand": {
					"rotation": [-22.5, 0, 45]
				},
				"finger5": {
					"rotation": [47.72948, 13.37455, -53.48476]
				}
			}
		},
		"animation.jynx.blink": {
			"animation_length": 0.16667,
			"bones": {
				"eyelid_left": {
					"position": {
						"0.0": [0, 0, -0.1],
						"0.125": [0, 0, -0.1],
						"0.1667": [0, 0, 0]
					}
				},
				"eyelid_right": {
					"position": {
						"0.0": [0, 0, -0.1],
						"0.125": [0, 0, -0.1],
						"0.1667": [0, 0, 0]
					}
				}
			}
		}
	}
}